{
  "initial_balance": 10000.0,
  "final_balance": 10405.108860707622,
  "total_trades": 136,
  "winning_trades": 58,
  "losing_trades": 78,
  "max_drawdown_pct": 4.946037240212285,
  "max_drawdown_usd": 502.06579802690067,
  "total_pnl_usd": 405.1088607076268
}